x-axis,1,2
second,Volt,Volt
-2.500000,0.012568,0.599885
-2.497499,0.010044,0.597361
-2.494997,0.009633,0.596950
-2.492496,0.014217,0.601534
-2.489995,-0.018486,0.568831
-2.487494,-0.028226,0.559092
-2.484992,0.000585,0.587902
-2.482491,0.000011,0.587328
-2.479990,0.014497,0.601814
-2.477489,0.026424,0.613742
-2.474987,-0.007796,0.579521
-2.472486,0.038512,0.625830
-2.469985,-0.027250,0.560067
-2.467484,0.007361,0.594679
-2.464982,-0.009522,0.577796
-2.462481,0.017687,0.605004
-2.459980,0.032273,0.619590
-2.457479,-0.022118,0.565200
-2.454977,0.026451,0.613769
-2.452476,0.016666,0.603984
-2.449975,-0.014578,0.572739
-2.447474,0.022977,0.610294
-2.444972,0.006569,0.593886
-2.442471,0.012909,0.600226
-2.439970,0.006338,0.593656
-2.437469,-0.007707,0.579611
-2.434967,-0.016302,0.571015
-2.432466,0.011346,0.598663
-2.429965,-0.023840,0.563478
-2.427464,-0.005429,0.581888
-2.424962,0.003137,0.590455
-2.422461,-0.030341,0.556977
-2.419960,-0.009743,0.577574
-2.417459,-0.012519,0.574798
-2.414957,-0.018933,0.568384
-2.412456,0.000792,0.588110
-2.409955,0.004915,0.592233
-2.407454,0.018770,0.606087
-2.404952,0.015845,0.603162
-2.402451,-0.002848,0.584470
-2.399950,-0.012863,0.574454
-2.397449,-0.016418,0.570900
-2.394947,0.004336,0.591653
-2.392446,-0.011418,0.575899
-2.389945,0.000637,0.587954
-2.387444,-0.011921,0.575396
-2.384942,-0.009057,0.578261
-2.382441,-0.010886,0.576431
-2.379940,0.017030,0.604348
-2.377439,-0.008298,0.579020
-2.374937,-0.020603,0.566715
-2.372436,-0.001207,0.586110
-2.369935,0.012327,0.599644
-2.367434,-0.004933,0.582384
-2.364932,0.003204,0.590522
-2.362431,0.003274,0.590592
-2.359930,-0.006166,0.581152
-2.357429,-0.032215,0.555102
-2.354927,-0.040069,0.547249
-2.352426,0.001298,0.588616
-2.349925,0.013032,0.600350
-2.347424,0.011850,0.599168
-2.344922,-0.015545,0.571773
-2.342421,0.026470,0.613787
-2.339920,0.019641,0.606959
-2.337419,0.002259,0.589576
-2.334917,-0.007499,0.579819
-2.332416,-0.033373,0.553944
-2.329915,-0.000029,0.587289
-2.327414,-0.001680,0.585637
-2.324912,0.006883,0.594201
-2.322411,0.001845,0.589163
-2.319910,0.020027,0.607344
-2.317409,-0.027188,0.560130
-2.314907,0.011848,0.599166
-2.312406,-0.027688,0.559629
-2.309905,0.025639,0.612956
-2.307404,-0.005964,0.581354
-2.304902,-0.001541,0.585776
-2.302401,-0.012010,0.575308
-2.299900,-0.010787,0.576530
-2.297399,-0.006547,0.580771
-2.294897,-0.023903,0.563414
-2.292396,-0.011688,0.575630
-2.289895,-0.002825,0.584492
-2.287394,-0.025849,0.561468
-2.284892,-0.023263,0.564054
-2.282391,0.018808,0.606125
-2.279890,-0.008349,0.578969
-2.277389,0.029563,0.616881
-2.274887,0.007687,0.595005
-2.272386,-0.008372,0.578945
-2.269885,-0.033223,0.554094
-2.267384,0.002735,0.590053
-2.264882,-0.006697,0.580621
-2.262381,-0.010638,0.576680
-2.259880,-0.025004,0.562314
-2.257379,0.010000,0.597317
-2.254877,-0.014359,0.572958
-2.252376,-0.012120,0.575197
-2.249875,0.016855,0.604172
-2.247374,0.002392,0.589709
-2.244872,-0.002168,0.585149
-2.242371,-0.028523,0.558795
-2.239870,-0.015914,0.571404
-2.237369,-0.003858,0.583459
-2.234867,-0.026493,0.560824
-2.232366,-0.001668,0.585649
-2.229865,-0.012520,0.574798
-2.227364,0.011048,0.598365
-2.224862,0.005133,0.592450
-2.222361,-0.003610,0.583708
-2.219860,0.017014,0.604332
-2.217359,0.014585,0.601903
-2.214857,0.000495,0.587812
-2.212356,0.034917,0.622235
-2.209855,-0.019403,0.567914
-2.207354,-0.003829,0.583489
-2.204852,-0.007142,0.580175
-2.202351,0.008998,0.596315
-2.199850,-0.011033,0.576285
-2.197349,0.042695,0.630012
-2.194847,0.032218,0.619535
-2.192346,0.028097,0.615414
-2.189845,-0.009657,0.577661
-2.187344,0.000221,0.587538
-2.184842,-0.022022,0.565295
-2.182341,-0.008107,0.579210
-2.179840,-0.001904,0.585414
-2.177339,0.032807,0.620125
-2.174837,-0.034831,0.552487
-2.172336,-0.011687,0.575630
-2.169835,-0.032628,0.554690
-2.167334,0.014198,0.601515
-2.164832,-0.007330,0.579987
-2.162331,-0.041300,0.546017
-2.159830,0.001298,0.588615
-2.157329,0.014697,0.602015
-2.154827,0.016596,0.603913
-2.152326,-0.000074,0.587244
-2.149825,0.009345,0.596663
-2.147324,0.011644,0.598962
-2.144822,-0.001114,0.586204
-2.142321,0.018150,0.605467
-2.139820,-0.016023,0.571295
-2.137319,-0.017186,0.570131
-2.134817,-0.007597,0.579721
-2.132316,-0.020633,0.566685
-2.129815,-0.003042,0.584275
-2.127314,-0.011750,0.575567
-2.124812,0.040489,0.627806
-2.122311,0.000850,0.588167
-2.119810,0.009853,0.597170
-2.117309,0.018718,0.606035
-2.114807,0.022515,0.609833
-2.112306,-0.020936,0.566381
-2.109805,0.000918,0.588236
-2.107304,0.039502,0.626819
-2.104802,-0.008045,0.579273
-2.102301,0.002005,0.589322
-2.099800,0.002695,0.590012
-2.097299,-0.022724,0.564594
-2.094797,0.036667,0.623985
-2.092296,-0.022354,0.564963
-2.089795,0.016795,0.604113
-2.087294,-0.014503,0.572814
-2.084792,-0.005746,0.581572
-2.082291,-0.020595,0.566722
-2.079790,0.006621,0.593938
-2.077289,0.000445,0.587762
-2.074787,0.012508,0.599825
-2.072286,-0.023201,0.564116
-2.069785,-0.020331,0.566986
-2.067284,-0.016774,0.570544
-2.064782,0.021696,0.609013
-2.062281,0.024288,0.611605
-2.059780,0.031661,0.618979
-2.057279,0.008962,0.596279
-2.054777,-0.001334,0.585984
-2.052276,-0.031482,0.555835
-2.049775,0.010861,0.598179
-2.047274,0.004162,0.591479
-2.044772,0.009253,0.596570
-2.042271,0.011796,0.599114
-2.039770,-0.013237,0.574080
-2.037269,0.007251,0.594568
-2.034767,-0.017375,0.569942
-2.032266,0.019066,0.606383
-2.029765,0.001867,0.589185
-2.027264,0.014108,0.601425
-2.024762,0.043663,0.630981
-2.022261,0.005455,0.592773
-2.019760,0.003619,0.590937
-2.017259,-0.017708,0.569609
-2.014757,-0.017982,0.569336
-2.012256,-0.031636,0.555681
-2.009755,0.026412,0.613729
-2.007254,-0.005125,0.582192
-2.004752,0.001150,0.588468
-2.002251,0.024283,0.611600
-1.999750,0.001714,0.589032
-1.997249,0.027745,0.615062
-1.994747,0.007887,0.595204
-1.992246,0.006940,0.594257
-1.989745,0.002942,0.590260
-1.987244,0.004742,0.592060
-1.984742,0.014135,0.601452
-1.982241,-0.020776,0.566541
-1.979740,-0.005232,0.582085
-1.977239,-0.011655,0.575663
-1.974737,-0.000664,0.586653
-1.972236,0.022465,0.609783
-1.969735,0.003820,0.591137
-1.967234,-0.016984,0.570333
-1.964732,-0.012384,0.574933
-1.962231,-0.000672,0.586646
-1.959730,0.004697,0.592014
-1.957229,0.020619,0.607937
-1.954727,0.015117,0.602434
-1.952226,0.006568,0.593885
-1.949725,-0.019210,0.568107
-1.947224,-0.000015,0.587302
-1.944722,0.011958,0.599275
-1.942221,-0.009796,0.577521
-1.939720,-0.005669,0.581649
-1.937219,0.002701,0.590018
-1.934717,-0.004923,0.582394
-1.932216,-0.004666,0.582651
-1.929715,-0.003790,0.583528
-1.927214,-0.021889,0.565428
-1.924712,-0.011901,0.575416
-1.922211,-0.001173,0.586144
-1.919710,0.006391,0.593709
-1.917209,0.034007,0.621325
-1.914707,-0.050219,0.537098
-1.912206,0.019656,0.606973
-1.909705,0.014812,0.602129
-1.907204,-0.026075,0.561243
-1.904702,-0.000317,0.587000
-1.902201,-0.005662,0.581656
-1.899700,0.010949,0.598266
-1.897199,-0.006273,0.581045
-1.894697,-0.020349,0.566969
-1.892196,0.001244,0.588562
-1.889695,0.002278,0.589595
-1.887194,-0.004419,0.582898
-1.884692,-0.004622,0.582695
-1.882191,-0.012537,0.574781
-1.879690,0.011553,0.598870
-1.877189,-0.010933,0.576385
-1.874687,0.026732,0.614049
-1.872186,-0.028620,0.558698
-1.869685,-0.007390,0.579928
-1.867184,0.020135,0.607453
-1.864682,-0.007342,0.579975
-1.862181,0.005784,0.593101
-1.859680,-0.015753,0.571565
-1.857179,0.008396,0.595713
-1.854677,-0.004042,0.583275
-1.852176,-0.022411,0.564906
-1.849675,-0.004808,0.582510
-1.847174,-0.029340,0.557977
-1.844672,0.012773,0.600091
-1.842171,0.007148,0.594465
-1.839670,-0.014888,0.572429
-1.837169,0.012408,0.599725
-1.834667,-0.006401,0.580916
-1.832166,-0.035657,0.551660
-1.829665,0.020531,0.607849
-1.827164,0.016583,0.603900
-1.824662,-0.003146,0.584171
-1.822161,-0.012162,0.575156
-1.819660,0.019360,0.606677
-1.817159,-0.006311,0.581006
-1.814657,-0.006005,0.581313
-1.812156,0.001459,0.588776
-1.809655,-0.018036,0.569282
-1.807154,-0.002215,0.585102
-1.804652,-0.033349,0.553969
-1.802151,-0.012231,0.575087
-1.799650,0.000212,0.587529
-1.797149,0.009530,0.596848
-1.794647,0.006871,0.594188
-1.792146,-0.024174,0.563144
-1.789645,0.013423,0.600741
-1.787144,-0.015745,0.571572
-1.784642,0.012238,0.599556
-1.782141,-0.011502,0.575815
-1.779640,0.007611,0.594928
-1.777139,0.017418,0.604735
-1.774637,-0.002629,0.584688
-1.772136,0.024746,0.612063
-1.769635,-0.004692,0.582625
-1.767134,0.030509,0.617827
-1.764632,0.005928,0.593245
-1.762131,-0.002280,0.585038
-1.759630,0.032044,0.619362
-1.757129,0.004839,0.592157
-1.754627,-0.006052,0.581266
-1.752126,-0.002004,0.585314
-1.749625,-0.007897,0.579421
-1.747124,0.028178,0.615496
-1.744622,-0.002956,0.584362
-1.742121,-0.000725,0.586592
-1.739620,-0.005868,0.581449
-1.737119,0.026575,0.613893
-1.734617,0.014694,0.602011
-1.732116,0.002029,0.589346
-1.729615,0.009140,0.596457
-1.727114,0.039818,0.627136
-1.724612,0.011397,0.598714
-1.722111,0.019526,0.606843
-1.719610,-0.003450,0.583868
-1.717109,0.006792,0.594110
-1.714607,0.001263,0.588580
-1.712106,-0.005831,0.581487
-1.709605,0.027766,0.615084
-1.707104,-0.015009,0.572308
-1.704602,0.001713,0.589031
-1.702101,0.014312,0.601629
-1.699600,-0.002683,0.584635
-1.697099,0.005260,0.592578
-1.694597,-0.012649,0.574669
-1.692096,0.008309,0.595626
-1.689595,0.014638,0.601955
-1.687094,-0.009766,0.577552
-1.684592,0.024815,0.612133
-1.682091,-0.027945,0.559372
-1.679590,0.000843,0.588160
-1.677089,0.002017,0.589335
-1.674587,-0.023539,0.563778
-1.672086,0.006162,0.593480
-1.669585,0.004701,0.592018
-1.667084,0.011471,0.598788
-1.664582,0.018845,0.606163
-1.662081,-0.015739,0.571579
-1.659580,-0.039636,0.547681
-1.657079,0.033756,0.621073
-1.654577,0.008509,0.595827
-1.652076,0.007270,0.594587
-1.649575,-0.000804,0.586513
-1.647074,0.010158,0.597476
-1.644572,0.007382,0.594699
-1.642071,0.020666,0.607983
-1.639570,-0.014973,0.572344
-1.637069,-0.002587,0.584731
-1.634567,0.028559,0.615877
-1.632066,0.011174,0.598492
-1.629565,-0.006591,0.580726
-1.627064,-0.002781,0.584536
-1.624562,-0.010681,0.576637
-1.622061,-0.024505,0.562813
-1.619560,0.015541,0.602858
-1.617059,-0.007655,0.579662
-1.614557,0.001288,0.588605
-1.612056,0.027495,0.614812
-1.609555,-0.013006,0.574311
-1.607054,0.035308,0.622626
-1.604552,0.016310,0.603627
-1.602051,0.008319,0.595636
-1.599550,0.005188,0.592505
-1.597049,-0.003978,0.583340
-1.594547,-0.014179,0.573138
-1.592046,-0.012377,0.574941
-1.589545,-0.002106,0.585212
-1.587044,-0.025150,0.562167
-1.584542,0.015259,0.602577
-1.582041,-0.000729,0.586589
-1.579540,0.023367,0.610684
-1.577039,-0.006990,0.580328
-1.574537,0.022750,0.610068
-1.572036,-0.005529,0.581789
-1.569535,0.008347,0.595664
-1.567034,0.007930,0.595248
-1.564532,0.009893,0.597211
-1.562031,0.015254,0.602571
-1.559530,0.000032,0.587349
-1.557029,0.017344,0.604661
-1.554527,-0.011162,0.576156
-1.552026,-0.013559,0.573758
-1.549525,-0.003974,0.583344
-1.547024,0.004908,0.592225
-1.544522,-0.010505,0.576812
-1.542021,-0.007107,0.580210
-1.539520,0.012735,0.600052
-1.537019,-0.002201,0.585117
-1.534517,0.015936,0.603254
-1.532016,0.012142,0.599460
-1.529515,-0.016620,0.570697
-1.527014,0.002692,0.590009
-1.524512,0.035794,0.623111
-1.522011,-0.012729,0.574588
-1.519510,-0.006641,0.580677
-1.517009,-0.011033,0.576284
-1.514507,-0.027080,0.560237
-1.512006,0.016861,0.604179
-1.509505,0.029927,0.617244
-1.507004,0.019071,0.606388
-1.504502,0.002192,0.589510
-1.502001,0.000524,0.587841
-1.499500,-0.006758,0.580559
-1.496998,-0.025501,0.561817
-1.494497,-0.015367,0.571951
-1.491996,0.025517,0.612834
-1.489495,0.011594,0.598912
-1.486993,-0.022458,0.564859
-1.484492,0.007140,0.594457
-1.481991,0.018104,0.605421
-1.479490,0.009893,0.597210
-1.476988,-0.022631,0.564687
-1.474487,0.006067,0.593384
-1.471986,-0.031986,0.555331
-1.469485,-0.003243,0.584074
-1.466983,0.016126,0.603443
-1.464482,0.004519,0.591836
-1.461981,-0.025305,0.562013
-1.459480,0.006497,0.593814
-1.456978,-0.008992,0.578325
-1.454477,0.005759,0.593076
-1.451976,-0.007249,0.580068
-1.449475,-0.020669,0.566649
-1.446973,0.001392,0.588709
-1.444472,-0.008409,0.578909
-1.441971,-0.005459,0.581859
-1.439470,-0.018834,0.568484
-1.436968,-0.021022,0.566295
-1.434467,-0.027155,0.560162
-1.431966,-0.015422,0.571896
-1.429465,0.026427,0.613745
-1.426963,-0.015319,0.571999
-1.424462,0.013198,0.600515
-1.421961,0.006514,0.593831
-1.419460,-0.004742,0.582575
-1.416958,-0.000610,0.586707
-1.414457,-0.010217,0.577100
-1.411956,0.015737,0.603054
-1.409455,-0.029586,0.557732
-1.406953,0.047566,0.634884
-1.404452,-0.004106,0.583211
-1.401951,-0.005431,0.581886
-1.399450,0.010149,0.597466
-1.396948,-0.021349,0.565968
-1.394447,0.009877,0.597194
-1.391946,-0.018757,0.568560
-1.389445,0.010162,0.597479
-1.386943,0.003053,0.590370
-1.384442,-0.007047,0.580270
-1.381941,0.011097,0.598414
-1.379440,0.040866,0.628183
-1.376938,-0.019038,0.568279
-1.374437,-0.013408,0.573909
-1.371936,-0.004928,0.582389
-1.369435,0.000738,0.588056
-1.366933,-0.027835,0.559483
-1.364432,-0.020340,0.566978
-1.361931,0.013968,0.601285
-1.359430,0.000278,0.587595
-1.356928,0.003673,0.590991
-1.354427,0.031491,0.618808
-1.351926,0.006528,0.593846
-1.349425,0.014432,0.601749
-1.346923,-0.006464,0.580853
-1.344422,-0.012660,0.574657
-1.341921,0.005639,0.592956
-1.339420,0.008846,0.596163
-1.336918,0.008988,0.596306
-1.334417,0.021023,0.608341
-1.331916,0.014395,0.601712
-1.329415,-0.007747,0.579570
-1.326913,0.008029,0.595346
-1.324412,0.017136,0.604453
-1.321911,-0.030706,0.556611
-1.319410,-0.019110,0.568207
-1.316908,-0.001346,0.585971
-1.314407,0.004528,0.591846
-1.311906,0.021418,0.608736
-1.309405,0.018390,0.605708
-1.306903,0.028985,0.616302
-1.304402,-0.016030,0.571287
-1.301901,0.011075,0.598393
-1.299400,0.004974,0.592291
-1.296898,-0.000389,0.586928
-1.294397,0.031542,0.618859
-1.291896,-0.008602,0.578716
-1.289395,-0.008246,0.579071
-1.286893,0.008633,0.595951
-1.284392,0.018218,0.605535
-1.281891,-0.034507,0.552810
-1.279390,0.011135,0.598453
-1.276888,-0.009634,0.577684
-1.274387,-0.020350,0.566967
-1.271886,0.012072,0.599389
-1.269385,-0.006023,0.581294
-1.266883,-0.001693,0.585624
-1.264382,-0.013544,0.573773
-1.261881,-0.006800,0.580518
-1.259380,0.026249,0.613566
-1.256878,0.016576,0.603893
-1.254377,0.023598,0.610915
-1.251876,0.026948,0.614265
-1.249375,0.009540,0.596858
-1.246873,0.011731,0.599049
-1.244372,-0.006912,0.580405
-1.241871,-0.019166,0.568151
-1.239370,0.009055,0.596373
-1.236868,0.014948,0.602266
-1.234367,-0.009226,0.578091
-1.231866,-0.006504,0.580814
-1.229365,-0.006846,0.580472
-1.226863,-0.023092,0.564226
-1.224362,0.000231,0.587548
-1.221861,-0.007310,0.580007
-1.219360,0.009338,0.596655
-1.216858,0.030112,0.617430
-1.214357,-0.004861,0.582457
-1.211856,0.014811,0.602128
-1.209355,-0.001492,0.585825
-1.206853,-0.024046,0.563271
-1.204352,0.002969,0.590287
-1.201851,0.011048,0.598366
-1.199350,0.000638,0.587956
-1.196848,0.013317,0.600635
-1.194347,0.017822,0.605140
-1.191846,-0.018884,0.568434
-1.189345,0.019970,0.607287
-1.186843,-0.011604,0.575713
-1.184342,0.012075,0.599392
-1.181841,0.026362,0.613679
-1.179340,-0.010916,0.576402
-1.176838,0.030502,0.617820
-1.174337,0.019276,0.606593
-1.171836,0.024809,0.612126
-1.169335,0.009065,0.596383
-1.166833,0.000856,0.588173
-1.164332,0.039349,0.626666
-1.161831,-0.006013,0.581305
-1.159330,-0.001611,0.585706
-1.156828,0.001366,0.588684
-1.154327,-0.018333,0.568985
-1.151826,0.009669,0.596986
-1.149325,0.004337,0.591654
-1.146823,0.023850,0.611167
-1.144322,0.015283,0.602600
-1.141821,-0.004312,0.583005
-1.139320,0.001801,0.589119
-1.136818,0.013439,0.600757
-1.134317,0.010672,0.597989
-1.131816,0.018344,0.605661
-1.129315,0.008477,0.595795
-1.126813,-0.013539,0.573778
-1.124312,-0.006792,0.580525
-1.121811,-0.007431,0.579886
-1.119310,0.038631,0.625948
-1.116808,0.002030,0.589347
-1.114307,0.034377,0.621694
-1.111806,0.012320,0.599638
-1.109305,0.006528,0.593845
-1.106803,0.017569,0.604887
-1.104302,-0.013746,0.573571
-1.101801,-0.006253,0.581064
-1.099300,-0.002479,0.584838
-1.096798,-0.000491,0.586826
-1.094297,-0.003148,0.584170
-1.091796,-0.000387,0.586930
-1.089295,0.007597,0.594914
-1.086793,0.022251,0.609568
-1.084292,-0.018928,0.568389
-1.081791,-0.009670,0.577647
-1.079290,-0.027789,0.559529
-1.076788,0.004531,0.591848
-1.074287,0.009912,0.597229
-1.071786,-0.006628,0.580690
-1.069285,-0.001299,0.586018
-1.066783,0.026339,0.613657
-1.064282,-0.001424,0.585894
-1.061781,0.002371,0.589688
-1.059280,0.002044,0.589362
-1.056778,-0.016168,0.571149
-1.054277,0.017725,0.605043
-1.051776,0.014944,0.602261
-1.049275,-0.010034,0.577284
-1.046773,0.006177,0.593494
-1.044272,0.024656,0.611973
-1.041771,-0.000731,0.586586
-1.039270,0.002591,0.589909
-1.036768,0.027435,0.614752
-1.034267,-0.004747,0.582571
-1.031766,0.007690,0.595008
-1.029265,-0.001846,0.585471
-1.026763,0.008879,0.596196
-1.024262,-0.027888,0.559429
-1.021761,0.012642,0.599959
-1.019260,0.027701,0.615019
-1.016758,0.013635,0.600953
-1.014257,-0.042386,0.544931
-1.011756,-0.026009,0.561308
-1.009255,0.002135,0.589453
-1.006753,0.003171,0.590489
-1.004252,-0.001162,0.586155
-1.001751,0.000207,0.587525
-0.999250,-0.009437,0.577880
-0.996748,-0.020257,0.567060
-0.994247,0.028801,0.616119
-0.991746,0.000090,0.587407
-0.989245,0.004601,0.591918
-0.986743,0.014001,0.601319
-0.984242,-0.037183,0.550134
-0.981741,0.007658,0.594976
-0.979240,-0.012474,0.574843
-0.976738,0.032553,0.619870
-0.974237,0.032855,0.620172
-0.971736,0.019747,0.607064
-0.969235,0.010698,0.598015
-0.966733,-0.002287,0.585031
-0.964232,0.014521,0.601838
-0.961731,0.025356,0.612673
-0.959230,0.016456,0.603774
-0.956728,-0.028398,0.558919
-0.954227,0.007670,0.594988
-0.951726,-0.009548,0.577770
-0.949225,0.013657,0.600974
-0.946723,-0.012334,0.574984
-0.944222,0.002928,0.590246
-0.941721,0.009748,0.597065
-0.939220,0.007858,0.595175
-0.936718,0.002424,0.589742
-0.934217,-0.014920,0.572397
-0.931716,-0.025937,0.561380
-0.929215,-0.008390,0.578927
-0.926713,-0.005990,0.581327
-0.924212,-0.004770,0.582548
-0.921711,0.012680,0.599998
-0.919210,-0.004989,0.582328
-0.916708,-0.034072,0.553246
-0.914207,0.006576,0.593893
-0.911706,0.048986,0.636304
-0.909205,0.000592,0.587909
-0.906703,-0.006992,0.580325
-0.904202,-0.005564,0.581753
-0.901701,0.017772,0.605089
-0.899200,0.020390,0.607707
-0.896698,0.020974,0.608292
-0.894197,-0.011670,0.575647
-0.891696,0.006089,0.593407
-0.889195,-0.023298,0.564019
-0.886693,0.019399,0.606717
-0.884192,0.001091,0.588408
-0.881691,-0.003668,0.583650
-0.879190,-0.008827,0.578491
-0.876688,-0.000908,0.586409
-0.874187,0.008128,0.595445
-0.871686,-0.033728,0.553589
-0.869185,-0.017171,0.570147
-0.866683,-0.046623,0.540694
-0.864182,-0.012773,0.574544
-0.861681,0.003166,0.590483
-0.859180,0.000089,0.587406
-0.856678,-0.000517,0.586800
-0.854177,0.015027,0.602345
-0.851676,-0.003982,0.583335
-0.849175,-0.010674,0.576643
-0.846673,0.014744,0.602062
-0.844172,-0.034352,0.552965
-0.841671,-0.024880,0.562437
-0.839170,0.017670,0.604988
-0.836668,0.004169,0.591486
-0.834167,-0.026782,0.560536
-0.831666,0.035060,0.622378
-0.829165,0.023463,0.610780
-0.826663,0.021941,0.609258
-0.824162,-0.000231,0.587087
-0.821661,0.012920,0.600237
-0.819160,-0.015229,0.572088
-0.816658,-0.012764,0.574553
-0.814157,-0.006699,0.580618
-0.811656,0.018921,0.606239
-0.809155,0.009629,0.596946
-0.806653,-0.001965,0.585352
-0.804152,0.003831,0.591148
-0.801651,0.017480,0.604798
-0.799150,0.015784,0.603101
-0.796648,-0.030630,0.556687
-0.794147,-0.017697,0.569621
-0.791646,-0.011534,0.575783
-0.789145,0.005264,0.592582
-0.786643,-0.001745,0.585572
-0.784142,0.004632,0.591949
-0.781641,-0.004582,0.582736
-0.779140,-0.025470,0.561847
-0.776638,-0.002127,0.585191
-0.774137,0.013929,0.601246
-0.771636,-0.015693,0.571624
-0.769135,-0.010069,0.577249
-0.766633,-0.020611,0.566706
-0.764132,-0.004787,0.582530
-0.761631,0.038938,0.626256
-0.759130,0.013482,0.600799
-0.756628,-0.006548,0.580769
-0.754127,-0.017319,0.569998
-0.751626,0.012729,0.600046
-0.749125,-0.017988,0.569330
-0.746623,-0.022277,0.565040
-0.744122,0.007178,0.594495
-0.741621,-0.021927,0.565390
-0.739120,-0.006591,0.580727
-0.736618,-0.020903,0.566414
-0.734117,0.018341,0.605658
-0.731616,-0.000140,0.587178
-0.729115,0.008196,0.595513
-0.726613,-0.030056,0.557262
-0.724112,-0.014766,0.572551
-0.721611,0.011236,0.598554
-0.719110,-0.013131,0.574186
-0.716608,-0.013943,0.573374
-0.714107,0.006075,0.593393
-0.711606,-0.027402,0.559915
-0.709105,0.019636,0.606953
-0.706603,0.045678,0.632995
-0.704102,0.027019,0.614336
-0.701601,0.021018,0.608336
-0.699100,-0.005654,0.581664
-0.696598,0.022621,0.609938
-0.694097,0.009950,0.597268
-0.691596,-0.020074,0.567244
-0.689095,-0.004701,0.582616
-0.686593,0.003636,0.590953
-0.684092,-0.006126,0.581192
-0.681591,0.003223,0.590540
-0.679090,-0.008383,0.578935
-0.676588,0.010876,0.598194
-0.674087,0.000833,0.588150
-0.671586,-0.013822,0.573495
-0.669085,-0.018569,0.568749
-0.666583,0.014761,0.602079
-0.664082,0.001476,0.588793
-0.661581,0.018250,0.605567
-0.659080,-0.002949,0.584368
-0.656578,0.010856,0.598174
-0.654077,0.005960,0.593277
-0.651576,0.004069,0.591386
-0.649075,-0.006119,0.581198
-0.646573,0.013903,0.601221
-0.644072,-0.020500,0.566817
-0.641571,-0.009932,0.577386
-0.639070,0.031911,0.619228
-0.636568,-0.011637,0.575681
-0.634067,-0.018489,0.568828
-0.631566,0.041953,0.629270
-0.629065,-0.007069,0.580248
-0.626563,0.015462,0.602779
-0.624062,0.002019,0.589337
-0.621561,0.007285,0.594603
-0.619060,-0.009921,0.577397
-0.616558,-0.005408,0.581909
-0.614057,-0.012216,0.575102
-0.611556,-0.024885,0.562432
-0.609055,0.008401,0.595719
-0.606553,0.016851,0.604168
-0.604052,0.023737,0.611054
-0.601551,-0.017687,0.569630
-0.599050,-0.004467,0.582851
-0.596548,0.016915,0.604233
-0.594047,-0.013201,0.574116
-0.591546,-0.013040,0.574277
-0.589045,0.008758,0.596076
-0.586543,0.019170,0.606488
-0.584042,0.013931,0.601248
-0.581541,0.004627,0.591944
-0.579040,0.009449,0.596766
-0.576538,-0.004686,0.582631
-0.574037,-0.019421,0.567897
-0.571536,0.015540,0.602857
-0.569035,-0.008759,0.578558
-0.566533,-0.005047,0.582270
-0.564032,-0.016883,0.570435
-0.561531,-0.008966,0.578351
-0.559030,-0.026417,0.560901
-0.556528,0.008786,0.596103
-0.554027,-0.038596,0.548722
-0.551526,-0.002032,0.585285
-0.549025,0.031197,0.618514
-0.546523,-0.023223,0.564095
-0.544022,0.009467,0.596784
-0.541521,-0.023389,0.563928
-0.539020,0.028802,0.616120
-0.536518,-0.015096,0.572222
-0.534017,0.013022,0.600340
-0.531516,0.004363,0.591680
-0.529015,0.010330,0.597648
-0.526513,0.029824,0.617142
-0.524012,-0.022327,0.564990
-0.521511,0.004472,0.591789
-0.519010,0.037881,0.625198
-0.516508,0.003702,0.591019
-0.514007,0.020799,0.608116
-0.511506,-0.001607,0.585711
-0.509005,-0.015569,0.571748
-0.506503,0.003817,0.591134
-0.504002,0.018633,0.605951
-0.501501,0.005977,0.593294
-0.498999,-0.019802,0.567515
-0.496498,0.005536,0.592854
-0.493997,0.006227,0.593545
-0.491496,-0.012769,0.574549
-0.488994,0.001666,0.588984
-0.486493,0.033054,0.620372
-0.483992,0.013592,0.600910
-0.481491,0.003528,0.590845
-0.478989,-0.005587,0.581731
-0.476488,0.009802,0.597119
-0.473987,-0.005192,0.582126
-0.471486,0.015800,0.603117
-0.468984,-0.013313,0.574005
-0.466483,-0.006824,0.580494
-0.463982,-0.021024,0.566293
-0.461481,-0.015679,0.571638
-0.458979,-0.034967,0.552350
-0.456478,0.004597,0.591915
-0.453977,0.013408,0.600725
-0.451476,-0.004896,0.582422
-0.448974,-0.015794,0.571524
-0.446473,-0.028106,0.559211
-0.443972,-0.017357,0.569960
-0.441471,-0.037131,0.550186
-0.438969,0.017100,0.604417
-0.436468,0.012012,0.599330
-0.433967,-0.000581,0.586737
-0.431466,-0.009149,0.578168
-0.428964,0.003717,0.591034
-0.426463,-0.032967,0.554350
-0.423962,-0.007770,0.579547
-0.421461,-0.009981,0.577336
-0.418959,-0.032365,0.554952
-0.416458,0.019199,0.606516
-0.413957,0.002736,0.590053
-0.411456,0.001256,0.588573
-0.408954,-0.006013,0.581305
-0.406453,-0.003502,0.583816
-0.403952,-0.016017,0.571300
-0.401451,-0.002264,0.585054
-0.398949,0.025919,0.613236
-0.396448,0.001453,0.588771
-0.393947,0.008348,0.595665
-0.391446,-0.010458,0.576859
-0.388944,0.004923,0.592240
-0.386443,-0.030075,0.557243
-0.383942,0.004443,0.591761
-0.381441,-0.006484,0.580833
-0.378939,-0.014917,0.572400
-0.376438,0.002706,0.590024
-0.373937,-0.017461,0.569856
-0.371436,-0.015710,0.571607
-0.368934,0.005411,0.592729
-0.366433,-0.006449,0.580869
-0.363932,0.027023,0.614341
-0.361431,-0.032447,0.554871
-0.358929,0.001561,0.588878
-0.356428,-0.032918,0.554400
-0.353927,-0.010147,0.577170
-0.351426,-0.007373,0.579945
-0.348924,-0.029156,0.558161
-0.346423,-0.008581,0.578736
-0.343922,-0.042781,0.544536
-0.341421,-0.025095,0.562222
-0.338919,-0.027867,0.559451
-0.336418,0.003282,0.590599
-0.333917,0.001517,0.588834
-0.331416,0.010586,0.597903
-0.328914,0.013015,0.600333
-0.326413,0.015599,0.602916
-0.323912,-0.009745,0.577572
-0.321411,0.009920,0.597237
-0.318909,0.004552,0.591869
-0.316408,0.016449,0.603766
-0.313907,0.000307,0.587624
-0.311406,-0.009786,0.577531
-0.308904,0.002119,0.589436
-0.306403,-0.038737,0.548580
-0.303902,-0.007959,0.579359
-0.301401,0.003446,0.590763
-0.298899,-0.000514,0.586804
-0.296398,0.014037,0.601355
-0.293897,0.026604,0.613921
-0.291396,-0.006305,0.581012
-0.288894,-0.025351,0.561967
-0.286393,0.004389,0.591707
-0.283892,0.040662,0.627980
-0.281391,-0.018935,0.568382
-0.278889,0.021290,0.608607
-0.276388,0.012342,0.599660
-0.273887,-0.050227,0.537090
-0.271386,1.993767,0.581085
-0.268884,2.012656,0.599996
-0.266383,2.009758,0.597162
-0.263882,1.981829,0.569340
-0.261381,1.956545,0.544207
-0.258879,2.014178,0.602032
-0.256378,1.994749,0.582837
-0.253877,1.996452,0.584816
-0.251376,1.982537,0.571218
-0.248874,2.012319,0.601359
-0.246373,1.978917,0.568356
-0.243872,2.039679,0.629557
-0.241371,1.982868,0.573225
-0.238869,1.994276,0.585152
-0.236368,1.965097,0.556531
-0.233867,2.014931,0.606963
-0.231366,1.994181,0.586849
-0.228864,1.997116,0.590459
-0.226363,1.976266,0.570321
-0.223862,2.017359,0.612165
-0.221361,2.012030,0.607625
-0.218859,1.999417,0.595839
-0.216358,2.008458,0.605743
-0.213857,2.011929,0.610114
-0.211356,1.979780,0.578901
-0.208854,1.994050,0.594144
-0.206353,1.996088,0.597190
-0.203852,1.995214,0.597361
-0.201351,2.009329,0.612557
-0.198849,1.997623,0.601965
-0.196348,1.982729,0.588222
-0.193847,1.992080,0.598757
-0.191346,2.005564,0.613460
-0.188844,1.975580,0.584730
-0.186343,1.982230,0.592667
-0.183842,1.994548,0.606307
-0.181341,1.993964,0.607076
-0.178839,2.008874,0.623374
-0.176338,2.010442,0.626362
-0.173837,2.009349,0.626722
-0.171336,2.023886,0.642744
-0.168834,2.039067,0.659443
-0.166333,2.028135,0.650060
-0.163832,1.985260,0.608766
-0.161331,1.974568,0.599686
-0.158829,1.980388,0.607150
-0.156328,2.006574,0.635010
-0.153827,1.991241,0.621382
-0.151326,1.981103,0.612980
-0.148824,1.995000,0.628643
-0.146323,1.973526,0.608965
-0.143822,2.008936,0.646201
-0.141321,1.989193,0.628313
-0.138819,1.997302,0.638307
-0.136318,2.006110,0.649028
-0.133817,1.971914,0.616775
-0.131316,1.986210,0.633043
-0.128814,2.000897,0.649730
-0.126313,2.012800,0.663660
-0.123812,1.991993,0.644910
-0.121311,2.001039,0.656040
-0.118809,1.985376,0.642488
-0.116308,2.022373,0.681624
-0.113807,2.017503,0.678921
-0.111306,2.054759,0.718370
-0.108804,1.993036,0.658867
-0.106303,1.975044,0.643121
-0.103802,1.988953,0.659303
-0.101301,2.005726,0.678375
-0.098799,1.990328,0.665302
-0.096298,1.934793,0.612118
-0.093797,2.019196,0.698898
-0.091296,2.010064,0.692168
-0.088794,2.010933,0.695464
-0.086293,1.977846,0.664829
-0.083792,2.015665,0.705125
-0.081291,2.006094,0.698057
-0.078789,2.029885,0.724373
-0.076288,2.013152,0.710191
-0.073787,2.017874,0.717488
-0.071286,1.999024,0.701236
-0.068784,2.018916,0.723750
-0.066283,2.004304,0.711785
-0.063782,2.000326,0.710476
-0.061281,1.998868,0.711710
-0.058779,2.033466,0.749024
-0.056278,1.994225,0.712521
-0.053777,1.983273,0.704329
-0.051276,2.023586,0.747426
-0.048774,2.009052,0.735698
-0.046273,2.002909,0.732383
-0.043772,1.998543,0.730867
-0.041271,2.004796,0.739992
-0.038769,1.999005,0.737094
-0.036268,2.018018,0.759022
-0.033767,2.000521,0.744462
-0.031266,1.984567,0.731465
-0.028764,1.975824,0.725701
-0.026263,1.962574,0.715451
-0.023762,1.982008,0.737905
-0.021261,2.016987,0.775925
-0.018759,1.986007,0.748006
-0.016258,1.976252,0.741333
-0.013757,1.990774,0.758956
-0.011256,2.020629,0.791932
-0.008754,1.996396,0.770841
-0.006253,1.992692,0.770297
-0.003752,1.985233,0.766019
-0.001251,2.004395,0.788381
0.001251,2.008150,0.795355
0.003752,1.979282,0.769724
0.006253,2.015721,0.809421
0.008754,1.993756,0.790732
0.011256,2.010299,0.810569
0.013757,1.991114,0.794697
0.016258,1.994533,0.801447
0.018759,2.024535,0.834798
0.021261,2.010585,0.824216
0.023762,2.015545,0.832561
0.026263,2.000403,0.820823
0.028764,2.004253,0.828093
0.031266,1.994312,0.821590
0.033767,2.008026,0.838760
0.036268,2.006649,0.840856
0.038769,1.980917,0.818614
0.041271,1.985066,0.826271
0.043772,2.003534,0.848264
0.046273,2.005122,0.853392
0.048774,1.967541,0.819369
0.051276,2.001971,0.857373
0.053777,2.018344,0.877336
0.056278,1.981329,0.843928
0.058779,1.979370,0.845591
0.061281,1.978840,0.848701
0.063782,1.986853,0.860368
0.066283,2.013707,0.890893
0.068784,2.007386,0.888258
0.071286,1.983247,0.867821
0.073787,1.996952,0.885243
0.076288,2.014078,0.906101
0.078789,1.993183,0.888954
0.081291,2.025657,0.925190
0.083792,1.982129,0.885440
0.086293,1.984104,0.891208
0.088794,1.998427,0.909338
0.091296,1.989970,0.904703
0.093797,1.983757,0.902325
0.096298,2.012195,0.934615
0.098799,1.976366,0.902651
0.101301,2.001728,0.931892
0.103802,1.969733,0.903790
0.106303,2.001204,0.939168
0.108804,2.010779,0.952665
0.111306,2.009935,0.955755
0.113807,1.982745,0.932514
0.116308,2.003486,0.957217
0.118809,2.019009,0.976716
0.121311,1.985837,0.947533
0.123812,1.973835,0.939532
0.126313,1.996985,0.966698
0.128814,2.014570,0.988311
0.131316,2.003576,0.981359
0.133817,1.987225,0.969062
0.136318,1.975984,0.961888
0.138819,1.969668,0.959652
0.141321,1.995999,0.990075
0.143822,1.998370,0.996550
0.146323,2.003388,1.005686
0.148824,1.992385,0.998812
0.151326,2.011794,1.022362
0.153827,2.001710,1.016432
0.156328,2.001609,1.020496
0.158829,1.992909,1.015974
0.161331,2.005514,1.032768
0.163832,2.001931,1.033387
0.166333,1.991955,1.027623
0.168834,2.008990,1.048883
0.171336,1.965210,1.009339
0.173837,2.022121,1.070496
0.176338,2.022782,1.075416
0.178839,2.002980,1.059884
0.181341,2.012584,1.073768
0.183842,2.016512,1.081989
0.186343,1.996852,1.066632
0.188844,1.996413,1.070506
0.191346,2.012773,1.091191
0.193847,1.971397,1.054150
0.196348,2.001906,1.089005
0.198849,1.995776,1.087231
0.201351,2.000673,1.096495
0.203852,1.986574,1.086773
0.206353,1.995052,1.099639
0.208854,1.976267,1.085252
0.211356,2.008345,1.121738
0.213857,2.020254,1.138065
0.216358,1.980259,1.102499
0.218859,2.020832,1.147510
0.221361,1.988424,1.119549
0.223862,2.003751,1.139335
0.226363,1.991308,1.131359
0.228864,2.001975,1.146502
0.231366,2.016355,1.165370
0.233867,1.982839,1.136349
0.236368,2.004602,1.162618
0.238869,2.021332,1.183863
0.241371,2.001724,1.168779
0.243872,2.022826,1.194415
0.246373,1.993468,1.169600
0.248874,1.971898,1.152581
0.251376,2.020374,1.205618
0.253877,2.017283,1.207096
0.256378,2.005496,1.199888
0.258879,2.008546,1.207525
0.261381,1.977792,1.181368
0.263882,1.984909,1.193089
0.266383,2.003805,1.216598
0.268884,1.988618,1.206033
0.271386,2.033889,1.255934
0.273887,1.978631,1.205315
0.276388,2.008921,1.240252
0.278889,2.001666,1.237653
0.281391,1.968360,1.209010
0.283892,2.009961,1.255283
0.286393,1.981616,1.231618
0.288894,1.986160,1.240850
0.291396,1.989357,1.248743
0.293897,2.002392,1.266481
0.296398,2.001954,1.270756
0.298899,1.989834,1.263355
0.301401,2.016420,1.294668
0.303902,1.999978,1.282961
0.306403,1.960554,1.248280
0.308904,2.031312,1.323787
0.311406,1.974635,1.271868
0.313907,2.004888,1.306886
0.316408,1.982601,1.289372
0.318909,1.960004,1.271555
0.321411,2.003432,1.319769
0.323912,1.990225,1.311357
0.326413,1.999737,1.325670
0.328914,1.983031,1.313773
0.331416,1.993015,1.328573
0.333917,1.995260,1.335640
0.336418,2.010349,1.355559
0.338919,2.003469,1.353515
0.341421,1.996949,1.351839
0.343922,2.018551,1.378291
0.346423,2.025096,1.389693
0.348924,2.009538,1.378999
0.351426,2.013464,1.387795
0.353927,2.016954,1.396162
0.356428,2.010879,1.394970
0.358929,2.005715,1.394696
0.361431,2.024989,1.418867
0.363932,2.013963,1.412744
0.366433,1.991184,1.394874
0.368934,2.000459,1.409065
0.371436,1.976894,1.390421
0.373937,1.981178,1.399634
0.376438,1.993764,1.417153
0.378939,2.002137,1.430467
0.381441,2.006299,1.439575
0.383942,2.001649,1.439878
0.386443,2.020604,1.463791
0.388944,1.999545,1.447696
0.391446,1.995787,1.448909
0.393947,2.006325,1.464423
0.396448,2.025241,1.488320
0.398949,1.991772,1.459839
0.401451,1.993962,1.467023
0.403952,1.998077,1.476137
0.406453,1.981447,1.464511
0.408954,2.001861,1.489935
0.411456,1.958707,1.451797
0.413957,1.996697,1.494809
0.416458,1.983719,1.486857
0.418959,1.984141,1.492311
0.421461,1.997264,1.510472
0.423962,1.972568,1.490819
0.426463,2.028158,1.551457
0.428964,2.000526,1.528879
0.431466,1.977918,1.511329
0.433967,2.001712,1.540187
0.436468,2.012572,1.556116
0.438969,2.000827,1.549445
0.441471,1.956027,1.509725
0.443972,2.008611,1.567393
0.446473,2.026434,1.590305
0.448974,1.979446,1.548411
0.451476,1.982831,1.556896
0.453977,1.976348,1.555516
0.456478,1.992581,1.576858
0.458979,1.996866,1.586256
0.461481,1.992952,1.587461
0.463982,2.011654,1.611286
0.466483,2.012931,1.617691
0.468984,1.998725,1.608617
0.471486,2.004630,1.619659
0.473987,1.989312,1.609483
0.476488,1.996385,1.621702
0.478989,1.983412,1.613880
0.481491,2.004609,1.640232
0.483992,2.018156,1.658939
0.486493,1.987294,1.633241
0.488994,2.004882,1.655998
0.491496,2.017740,1.674028
0.493997,1.965333,1.626799
0.496498,1.995654,1.662301
0.498999,1.970685,1.642518
0.501501,2.025765,1.702788
0.504002,2.018120,1.700337
0.506503,1.979807,1.667222
0.509005,1.998419,1.691036
0.511506,2.021698,1.719522
0.514007,2.014883,1.717917
0.516508,1.974820,1.683069
0.519010,1.991456,1.704924
0.521511,2.010274,1.728964
0.524012,1.988954,1.712871
0.526513,1.984589,1.713737
0.529015,2.004640,1.739022
0.531516,2.026967,1.766587
0.534017,1.990874,1.735736
0.536518,2.011804,1.761912
0.539020,1.991664,1.747021
0.541521,1.999380,1.759991
0.544022,2.020946,1.786813
0.546523,2.002508,1.773637
0.549025,2.005228,1.781621
0.551526,1.984829,1.766491
0.554027,2.024571,1.811504
0.556528,1.979417,1.771625
0.559030,2.002693,1.800180
0.561531,2.013358,1.816127
0.564032,2.001003,1.809058
0.566533,2.018570,1.831914
0.569035,1.982156,1.800792
0.571536,2.004943,1.828875
0.574037,1.991060,1.820292
0.576538,2.015507,1.850042
0.579040,1.983115,1.822956
0.581541,1.981966,1.827117
0.584042,1.996183,1.846647
0.586543,1.956619,1.812399
0.589045,2.002182,1.863281
0.591546,2.010662,1.877083
0.594047,2.011774,1.883522
0.596548,1.997822,1.874899
0.599050,2.014712,1.897120
0.601551,1.987220,1.874964
0.604052,2.016597,1.909679
0.606553,2.010555,1.908978
0.609055,2.012640,1.916407
0.611556,1.995885,1.905000
0.614057,2.009239,1.923704
0.616558,1.983729,1.903548
0.619060,2.029422,1.954597
0.621561,1.976112,1.906647
0.624062,1.998833,1.934730
0.626563,1.998731,1.939993
0.629065,1.999875,1.946505
0.631566,2.016332,1.968333
0.634067,2.014292,1.971666
0.636568,1.978163,1.940913
0.639070,1.995102,1.963232
0.641571,2.010387,1.983899
0.644072,2.013624,1.992521
0.646573,2.015539,1.999823
0.649075,1.979398,1.969072
0.651576,2.020607,2.015674
0.654077,1.977641,1.978103
0.656578,2.015501,2.021362
0.659080,2.029193,2.040455
0.661581,2.026447,2.043112
0.664082,1.994916,2.016987
0.666583,1.994091,2.021571
0.669085,2.017924,2.050815
0.671586,1.988470,2.026774
0.674087,1.999739,2.043459
0.676588,2.026631,2.075770
0.679090,1.986083,2.040643
0.681591,1.991819,2.051803
0.684092,2.047117,2.112526
0.686593,1.989473,2.060311
0.689095,2.013585,2.089853
0.691596,1.985189,2.066891
0.694097,2.020092,2.107229
0.696598,2.008894,2.101469
0.699100,2.018213,2.116228
0.701601,1.994717,2.098174
0.704102,2.006000,2.114902
0.706603,1.996197,2.110546
0.709105,1.960602,2.080401
0.711606,1.976223,2.101473
0.714107,1.996995,2.127699
0.716608,2.014843,2.151003
0.719110,2.005136,2.146754
0.721611,2.000642,2.147720
0.724112,1.987931,2.140471
0.726613,1.972614,2.130618
0.729115,2.000182,2.163653
0.731616,2.015490,2.184431
0.734117,1.981726,2.156137
0.736618,1.998212,2.178096
0.739120,2.000148,2.185507
0.741621,1.985340,2.176176
0.744122,1.984390,2.180705
0.746623,1.995270,2.197066
0.749125,2.048526,2.255805
0.751626,2.004187,2.216952
0.754127,2.042028,2.260280
0.756628,1.993701,2.217441
0.759130,1.988183,2.217414
0.761631,1.978980,2.213704
0.764132,1.990026,2.230245
0.766633,2.015899,2.261615
0.769135,2.007301,2.258515
0.771636,2.021914,2.278629
0.774137,1.959324,2.221541
0.776638,2.009178,2.276898
0.779140,2.006659,2.279886
0.781641,1.964855,2.243589
0.784142,1.976898,2.261142
0.786643,2.033562,2.323317
0.789145,2.008971,2.304239
0.791646,2.013050,2.313833
0.794147,2.009605,2.315905
0.796648,1.988025,2.299843
0.799150,1.948384,2.265721
0.801651,1.986776,2.309635
0.804152,2.034356,2.362739
0.806653,2.006937,2.340845
0.809155,1.983666,2.323100
0.811656,1.996211,2.341174
0.814157,1.989970,2.340463
0.816658,2.010333,2.366358
0.819160,1.987460,2.349018
0.821661,1.997034,2.364127
0.824162,2.002893,2.375522
0.826663,2.003964,2.382131
0.829165,1.994580,2.378287
0.831666,2.011256,2.400503
0.834167,1.950062,2.344852
0.836668,2.027639,2.427974
0.839170,2.016291,2.422171
0.841671,1.979072,2.390500
0.844172,2.001206,2.418182
0.846673,1.987193,2.409719
0.849175,2.019946,2.448024
0.851676,2.002199,2.435831
0.854177,2.004600,2.443786
0.856678,2.005523,2.450265
0.859180,1.983237,2.433536
0.861681,1.988487,2.444346
0.864182,1.985459,2.446878
0.866683,1.999410,2.466390
0.869185,2.020510,2.493054
0.871686,1.980060,2.458168
0.874187,1.983463,2.467137
0.876688,1.951251,2.440492
0.879190,2.022543,2.517353
0.881691,1.992487,2.492867
0.884192,2.011675,2.517626
0.886693,1.979286,2.490810
0.889195,1.999452,2.516549
0.891696,1.981077,2.503749
0.894197,1.977437,2.505686
0.896698,2.009907,2.543733
0.899200,1.985338,2.524744
0.901701,1.983941,2.528927
0.904202,1.985467,2.536034
0.906703,1.977734,2.533884
0.909205,1.981643,2.543377
0.911706,1.949803,2.517122
0.914207,1.995130,2.568035
0.916708,1.989260,2.567753
0.919210,2.012128,2.596210
0.921711,1.978519,2.568191
0.924212,1.967907,2.563170
0.926713,2.009126,2.609981
0.929215,2.013866,2.620314
0.931716,1.972292,2.584335
0.934217,2.038078,2.655717
0.936718,2.001134,2.624369
0.939220,2.001582,2.630415
0.941721,1.978614,2.613047
0.944222,2.020600,2.660633
0.946723,2.008471,2.654106
0.949225,1.965928,2.617165
0.951726,1.966472,2.623312
0.954227,2.025663,2.688108
0.956728,1.986864,2.654914
0.959230,2.005560,2.679217
0.961731,1.975865,2.655129
0.964232,2.001363,2.686236
0.966733,2.009802,2.700286
0.969235,2.005698,2.701793
0.971736,1.973508,2.675214
0.974237,2.003556,2.710875
0.976738,2.030385,2.743317
0.979240,1.999903,2.718450
0.981741,1.985402,2.709565
0.984242,2.015101,2.744881
0.986743,1.993506,2.728904
0.989245,2.004096,2.745113
0.991746,2.004744,2.751380
0.994247,1.981929,2.734186
0.996748,2.005227,2.763105
0.999250,1.998851,2.762352
1.001751,2.012702,2.781827
1.004252,1.997090,2.771840
1.006753,2.009954,2.790329
1.009255,2.004157,2.790158
1.011756,2.010139,2.801767
1.014257,1.998510,2.795766
1.016758,1.994312,2.797197
1.019260,2.005960,2.814474
1.021761,1.998505,2.812650
1.024262,1.988209,2.807986
1.026763,1.996108,2.821517
1.029265,1.996176,2.827218
1.031766,1.998636,2.835312
1.034267,2.020269,2.862580
1.036768,1.993988,2.841935
1.039270,1.978294,2.831878
1.041771,2.025962,2.885183
1.044272,2.012716,2.877575
1.046773,1.980824,2.851322
1.049275,2.012513,2.888651
1.051776,2.010230,2.892009
1.054277,1.974370,2.861790
1.056778,1.981638,2.874701
1.059280,2.003027,2.901732
1.061781,1.997987,2.902336
1.064282,1.975648,2.885642
1.066783,2.000291,2.915930
1.069285,1.970763,2.892048
1.071786,1.957826,2.884758
1.074287,1.984070,2.916650
1.076788,1.984348,2.922576
1.079290,1.995779,2.939656
1.081791,1.997507,2.947034
1.084292,2.001597,2.956774
1.086793,2.036381,2.997209
1.089295,2.012483,2.978963
1.091796,2.027670,2.999802
1.094297,2.011518,2.989304
1.096798,1.960320,2.943760
1.099300,2.030277,3.019372
1.101801,2.032630,3.027380
1.104302,2.001146,3.001552
1.106803,2.008239,3.014302
1.109305,2.005118,3.016838
1.111806,1.984335,3.001714
1.114307,1.990058,3.013095
1.116808,2.023000,3.051697
1.119310,1.992946,3.027303
1.121811,2.017971,3.057988
1.124312,1.997130,3.042808
1.126813,2.023160,3.074501
1.129315,1.976209,3.033213
1.131816,2.036516,3.099183
1.134317,2.012412,3.080742
1.136818,1.991324,3.065319
1.139320,1.992294,3.071954
1.141821,2.020526,3.105852
1.144322,2.019268,3.110260
1.146823,1.995273,3.091932
1.149325,1.995991,3.098318
1.151826,2.011730,3.119725
1.154327,2.018873,3.132537
1.156828,1.997910,3.117243
1.159330,1.994432,3.119435
1.161831,2.002974,3.133647
1.164332,1.990711,3.127055
1.166833,1.988081,3.130096
1.169335,1.988224,3.135911
1.171836,2.020256,3.173617
1.174337,1.990013,3.149046
1.176838,2.000773,3.165480
1.179340,1.996740,3.167122
1.181841,2.021711,3.197767
1.184342,1.973777,3.155509
1.186843,2.030641,3.218049
1.189345,1.995886,3.188970
1.191846,1.996815,3.195576
1.194347,1.984607,3.189045
1.196848,2.009928,3.220044
1.199350,1.984468,3.200263
1.201851,2.027168,3.248642
1.204352,1.991114,3.218268
1.206853,2.003467,3.236300
1.209355,1.985478,3.223992
1.211856,2.000402,3.244597
1.214357,1.967588,3.217465
1.216858,2.013114,3.268672
1.219360,1.997357,3.258598
1.221861,1.986464,3.253388
1.224362,2.019838,3.292445
1.226863,1.986884,3.265175
1.229365,1.977923,3.261898
1.231866,2.000379,3.290039
1.234367,2.005042,3.300387
1.236868,0.021090,3.316435
1.239370,0.019050,3.314395
1.241871,-0.016245,3.279100
1.244372,0.002462,3.297807
1.246873,0.010913,3.306259
1.249375,-0.001785,3.293560
1.251876,0.008657,3.304002
1.254377,0.022346,3.317691
1.256878,-0.009163,3.286182
1.259380,-0.010789,3.284556
1.261881,0.014572,3.309917
1.264382,-0.013165,3.282180
1.266883,-0.012314,3.283032
1.269385,-0.016393,3.278953
1.271886,0.025578,3.320924
1.274387,-0.003830,3.291515
1.276888,-0.011045,3.284300
1.279390,0.014217,3.309563
1.281891,-0.011596,3.283749
1.284392,0.010638,3.305984
1.286893,0.025668,3.321014
1.289395,0.011711,3.307056
1.291896,-0.019100,3.276246
1.294397,0.008072,3.303418
1.296898,0.019346,3.314691
1.299400,-0.005266,3.290080
1.301901,0.011779,3.307125
1.304402,-0.015285,3.280060
1.306903,0.002823,3.298168
1.309405,-0.002628,3.292718
1.311906,-0.000623,3.294722
1.314407,0.000308,3.295653
1.316908,0.031202,3.326547
1.319410,-0.008098,3.287248
1.321911,-0.017140,3.278205
1.324412,-0.004343,3.291002
1.326913,-0.003531,3.291814
1.329415,0.016828,3.312173
1.331916,0.033691,3.329037
1.334417,-0.022148,3.273197
1.336918,-0.014541,3.280804
1.339420,0.042339,3.337685
1.341921,0.026213,3.321558
1.344422,0.035244,3.330590
1.346923,0.013863,3.309209
1.349425,-0.011417,3.283928
1.351926,-0.002810,3.292536
1.354427,0.022011,3.317356
1.356928,-0.001587,3.293758
1.359430,0.011145,3.306490
1.361931,0.023805,3.319150
1.364432,-0.005097,3.290249
1.366933,-0.005310,3.290035
1.369435,-0.008333,3.287012
1.371936,-0.023140,3.272206
1.374437,0.016400,3.311746
1.376938,-0.009166,3.286179
1.379440,0.026609,3.321954
1.381941,-0.017186,3.278159
1.384442,0.000870,3.296215
1.386943,0.002678,3.298023
1.389445,-0.009824,3.285522
1.391946,-0.011682,3.283664
1.394447,0.014234,3.309580
1.396948,-0.008474,3.286871
1.399450,0.004488,3.299833
1.401951,-0.000368,3.294977
1.404452,-0.032571,3.262774
1.406953,0.009456,3.304801
1.409455,0.028076,3.323421
1.411956,0.013686,3.309031
1.414457,-0.021657,3.273688
1.416958,-0.034310,3.261036
1.419460,0.006648,3.301994
1.421961,0.043248,3.338594
1.424462,0.014713,3.310058
1.426963,-0.002206,3.293140
1.429465,-0.012380,3.282965
1.431966,0.003950,3.299296
1.434467,-0.013510,3.281836
1.436968,0.002354,3.297699
1.439470,-0.040762,3.254584
1.441971,0.021177,3.316522
1.444472,0.009196,3.304541
1.446973,-0.008013,3.287333
1.449475,0.025597,3.320942
1.451976,-0.015729,3.279616
1.454477,0.026874,3.322220
1.456978,-0.016773,3.278573
1.459480,0.020057,3.315402
1.461981,-0.011941,3.283404
1.464482,-0.026134,3.269211
1.466983,-0.026398,3.268948
1.469485,-0.023738,3.271607
1.471986,0.018986,3.314332
1.474487,-0.001399,3.293946
1.476988,0.003167,3.298513
1.479490,-0.002704,3.292641
1.481991,-0.015575,3.279771
1.484492,-0.004648,3.290698
1.486993,-0.003382,3.291964
1.489495,-0.003312,3.292033
1.491996,0.012056,3.307401
1.494497,0.024937,3.320282
1.496998,0.012132,3.307478
1.499500,-0.017287,3.278059
1.502001,0.023954,3.319299
1.504502,0.006067,3.301412
1.507004,-0.003532,3.291813
1.509505,0.035080,3.330425
1.512006,0.016417,3.311762
1.514507,0.065688,3.361034
1.517009,-0.009531,3.285815
1.519510,0.026584,3.321929
1.522011,-0.025073,3.270273
1.524512,0.026758,3.322103
1.527014,0.015311,3.310656
1.529515,0.014249,3.309594
1.532016,0.012048,3.307394
1.534517,-0.009705,3.285640
1.537019,0.004252,3.299598
1.539520,-0.007588,3.287758
1.542021,0.005851,3.301196
1.544522,-0.001747,3.293598
1.547024,-0.006365,3.288981
1.549525,0.000634,3.295980
1.552026,0.003847,3.299193
1.554527,-0.003792,3.291554
1.557029,-0.059070,3.236276
1.559530,-0.020014,3.275331
1.562031,0.028711,3.324056
1.564532,0.010386,3.305731
1.567034,0.020452,3.315797
1.569535,0.020248,3.315593
1.572036,-0.005091,3.290255
1.574537,0.006993,3.302338
1.577039,0.012533,3.307878
1.579540,0.008469,3.303814
1.582041,-0.009414,3.285931
1.584542,-0.000773,3.294572
1.587044,-0.000065,3.295281
1.589545,0.015961,3.311306
1.592046,-0.003498,3.291848
1.594547,-0.014214,3.281132
1.597049,-0.013818,3.281528
1.599550,-0.031584,3.263761
1.602051,-0.020464,3.274882
1.604552,0.016804,3.312149
1.607054,-0.012487,3.282859
1.609555,0.004112,3.299458
1.612056,0.008957,3.304302
1.614557,0.008321,3.303666
1.617059,-0.022633,3.272713
1.619560,0.012281,3.307626
1.622061,0.007198,3.302544
1.624562,-0.031852,3.263493
1.627064,0.012884,3.308229
1.629565,-0.010784,3.284561
1.632066,0.004030,3.299376
1.634567,0.008560,3.303905
1.637069,-0.005397,3.289948
1.639570,0.013345,3.308691
1.642071,-0.030967,3.264378
1.644572,0.002296,3.297641
1.647074,0.019211,3.314556
1.649575,0.016550,3.311895
1.652076,-0.017046,3.278299
1.654577,0.008008,3.303353
1.657079,0.014236,3.309582
1.659580,-0.006062,3.289283
1.662081,0.000435,3.295781
1.664582,0.002041,3.297386
1.667084,0.012895,3.308241
1.669585,0.009132,3.304478
1.672086,-0.000187,3.295158
1.674587,-0.014538,3.280807
1.677089,-0.000101,3.295245
1.679590,0.010986,3.306331
1.682091,-0.031081,3.264264
1.684592,0.007322,3.302667
1.687094,-0.009045,3.286300
1.689595,-0.004931,3.290414
1.692096,-0.013967,3.281379
1.694597,-0.003258,3.292087
1.697099,0.025546,3.320891
1.699600,0.019715,3.315060
1.702101,-0.011995,3.283351
1.704602,-0.013054,3.282292
1.707104,-0.009738,3.285607
1.709605,-0.005126,3.290220
1.712106,0.021254,3.316600
1.714607,0.011447,3.306792
1.717109,0.024690,3.320035
1.719610,0.005622,3.300967
1.722111,0.008103,3.303448
1.724612,0.018650,3.313996
1.727114,0.017812,3.313158
1.729615,-0.000702,3.294644
1.732116,-0.002525,3.292820
1.734617,-0.000687,3.294659
1.737119,0.033134,3.328480
1.739620,0.030115,3.325461
1.742121,-0.033552,3.261793
1.744622,-0.005431,3.289914
1.747124,0.038138,3.333484
1.749625,0.001547,3.296892
1.752126,-0.012214,3.283131
1.754627,-0.007314,3.288032
1.757129,0.018444,3.313789
1.759630,0.029870,3.325216
1.762131,0.026992,3.322337
1.764632,0.030069,3.325414
1.767134,-0.001462,3.293884
1.769635,-0.011137,3.284208
1.772136,0.018206,3.313551
1.774637,-0.010886,3.284460
1.777139,0.002802,3.298147
1.779640,0.011317,3.306663
1.782141,0.026249,3.321595
1.784642,-0.011086,3.284259
1.787144,-0.006060,3.289286
1.789645,0.003472,3.298817
1.792146,0.012187,3.307532
1.794647,-0.040779,3.254567
1.797149,-0.005751,3.289595
1.799650,-0.006574,3.288772
1.802151,-0.002323,3.293022
1.804652,0.009508,3.304854
1.807154,0.012646,3.307991
1.809655,-0.005195,3.290151
1.812156,0.007143,3.302489
1.814657,0.029048,3.324393
1.817159,-0.022251,3.273095
1.819660,0.000564,3.295909
1.822161,0.002119,3.297464
1.824662,-0.002233,3.293113
1.827164,0.000285,3.295631
1.829665,0.005939,3.301285
1.832166,0.015776,3.311122
1.834667,-0.003900,3.291445
1.837169,0.016195,3.311541
1.839670,0.006657,3.302002
1.842171,0.016338,3.311683
1.844672,-0.010737,3.284608
1.847174,0.010186,3.305532
1.849675,0.013152,3.308497
1.852176,-0.033552,3.261793
1.854677,0.009310,3.304656
1.857179,0.006430,3.301775
1.859680,-0.010258,3.285087
1.862181,-0.028414,3.266932
1.864682,-0.007537,3.287808
1.867184,-0.022986,3.272360
1.869685,-0.023564,3.271782
1.872186,0.017940,3.313286
1.874687,0.019891,3.315236
1.877189,-0.022970,3.272375
1.879690,-0.002292,3.293053
1.882191,0.021380,3.316725
1.884692,-0.018667,3.276678
1.887194,-0.013718,3.281628
1.889695,0.009596,3.304941
1.892196,-0.038424,3.256921
1.894697,0.010377,3.305723
1.897199,0.008824,3.304170
1.899700,0.002717,3.298062
1.902201,-0.024937,3.270409
1.904702,0.000557,3.295902
1.907204,-0.001461,3.293885
1.909705,0.001214,3.296560
1.912206,0.010898,3.306243
1.914707,0.009107,3.304452
1.917209,-0.000469,3.294876
1.919710,0.019607,3.314952
1.922211,-0.007927,3.287418
1.924712,0.017749,3.313094
1.927214,0.014833,3.310178
1.929715,-0.037301,3.258044
1.932216,0.009386,3.304732
1.934717,-0.002163,3.293183
1.937219,0.008685,3.304031
1.939720,0.007789,3.303134
1.942221,0.016766,3.312112
1.944722,0.045080,3.340425
1.947224,-0.000401,3.294944
1.949725,0.025604,3.320949
1.952226,0.015478,3.310823
1.954727,-0.017447,3.277898
1.957229,0.009688,3.305033
1.959730,0.007585,3.302930
1.962231,-0.002724,3.292621
1.964732,0.012235,3.307581
1.967234,-0.016141,3.279205
1.969735,0.023136,3.318481
1.972236,-0.007116,3.288230
1.974737,0.039425,3.334771
1.977239,0.033640,3.328985
1.979740,0.017912,3.313258
1.982241,-0.010449,3.284897
1.984742,-0.002962,3.292383
1.987244,0.003225,3.298570
1.989745,-0.012747,3.282599
1.992246,-0.005690,3.289655
1.994747,0.017415,3.312760
1.997249,-0.011414,3.283932
1.999750,-0.004161,3.291184
2.002251,0.018059,3.313404
2.004752,-0.028214,3.267131
2.007254,0.014875,3.310220
2.009755,-0.002843,3.292503
2.012256,-0.018908,3.276437
2.014757,0.025891,3.321237
2.017259,0.027908,3.323253
2.019760,0.019790,3.315135
2.022261,-0.010883,3.284462
2.024762,-0.002128,3.293217
2.027264,-0.005096,3.290249
2.029765,0.000103,3.295449
2.032266,-0.005002,3.290343
2.034767,0.015226,3.310572
2.037269,-0.007325,3.288020
2.039770,-0.004874,3.290472
2.042271,0.009257,3.304603
2.044772,0.005054,3.300400
2.047274,-0.018372,3.276973
2.049775,-0.009415,3.285931
2.052276,-0.006971,3.288375
2.054777,0.021549,3.316894
2.057279,-0.015809,3.279536
2.059780,0.005680,3.301025
2.062281,-0.019527,3.275819
2.064782,0.020011,3.315356
2.067284,0.016602,3.311947
2.069785,0.005527,3.300872
2.072286,-0.007617,3.287729
2.074787,0.005451,3.300797
2.077289,-0.022025,3.273320
2.079790,-0.000856,3.294490
2.082291,0.008922,3.304267
2.084792,0.008050,3.303395
2.087294,0.011541,3.306886
2.089795,0.020104,3.315449
2.092296,0.003510,3.298855
2.094797,0.006513,3.301858
2.097299,0.003927,3.299273
2.099800,-0.007723,3.287623
2.102301,0.005656,3.301002
2.104802,0.021828,3.317174
2.107304,-0.004050,3.291296
2.109805,-0.017648,3.277698
2.112306,0.011476,3.306822
2.114807,0.021745,3.317090
2.117309,-0.010084,3.285261
2.119810,-0.022997,3.272349
2.122311,-0.008199,3.287146
2.124812,-0.037171,3.258174
2.127314,0.002890,3.298236
2.129815,0.027388,3.322734
2.132316,-0.005126,3.290220
2.134817,0.021354,3.316700
2.137319,-0.034911,3.260434
2.139820,0.006037,3.301382
2.142321,-0.008371,3.286974
2.144822,0.010105,3.305451
2.147324,0.028714,3.324060
2.149825,-0.003820,3.291526
2.152326,-0.015821,3.279525
2.154827,0.016053,3.311399
2.157329,0.010207,3.305552
2.159830,0.018393,3.313738
2.162331,-0.029907,3.265438
2.164832,0.006776,3.302121
2.167334,0.032733,3.328078
2.169835,-0.030636,3.264709
2.172336,-0.008911,3.286434
2.174837,0.006872,3.302218
2.177339,-0.012883,3.282462
2.179840,0.007562,3.302907
2.182341,0.025346,3.320692
2.184842,0.001247,3.296593
2.187344,-0.005328,3.290017
2.189845,-0.027158,3.268187
2.192346,0.013993,3.309339
2.194847,-0.011236,3.284110
2.197349,-0.015540,3.279805
2.199850,0.003374,3.298720
2.202351,-0.015931,3.279414
2.204852,-0.005449,3.289896
2.207354,-0.024862,3.270484
2.209855,0.036099,3.331445
2.212356,-0.017610,3.277736
2.214857,0.004127,3.299472
2.217359,-0.006682,3.288663
2.219860,0.027980,3.323325
2.222361,0.017858,3.313204
2.224862,0.030164,3.325510
2.227364,0.002777,3.298123
2.229865,-0.016838,3.278508
2.232366,-0.029781,3.265564
2.234867,0.005326,3.300671
2.237369,0.021389,3.316734
2.239870,0.002743,3.298088
2.242371,0.000537,3.295883
2.244872,0.040032,3.335377
2.247374,0.035222,3.330567
2.249875,0.025914,3.321259
2.252376,0.011384,3.306730
2.254877,-0.009349,3.285996
2.257379,-0.004581,3.290765
2.259880,-0.020631,3.274715
2.262381,0.027595,3.322941
2.264882,0.024792,3.320138
2.267384,0.008286,3.303631
2.269885,-0.010918,3.284427
2.272386,0.003745,3.299091
2.274887,-0.012430,3.282916
2.277389,0.015714,3.311059
2.279890,0.015649,3.310994
2.282391,-0.003779,3.291566
2.284892,-0.022247,3.273099
2.287394,0.024396,3.319741
2.289895,-0.006209,3.289136
2.292396,0.004911,3.300257
2.294897,-0.001314,3.294032
2.297399,-0.005788,3.289558
2.299900,-0.001061,3.294284
2.302401,0.022111,3.317456
2.304902,-0.005461,3.289884
2.307404,0.003679,3.299024
2.309905,-0.021735,3.273610
2.312406,0.023854,3.319199
2.314907,-0.001924,3.293422
2.317409,-0.021453,3.273892
2.319910,-0.002807,3.292538
2.322411,-0.000160,3.295185
2.324912,-0.014694,3.280652
2.327414,0.026361,3.321707
2.329915,-0.004683,3.290662
2.332416,-0.006176,3.289170
2.334917,0.014388,3.309733
2.337419,0.011612,3.306957
2.339920,0.002159,3.297504
2.342421,-0.023116,3.272229
2.344922,0.026652,3.321998
2.347424,0.012383,3.307729
2.349925,0.022213,3.317559
2.352426,0.020831,3.316177
2.354927,0.009841,3.305186
2.357429,0.012882,3.308228
2.359930,-0.008499,3.286846
2.362431,-0.002924,3.292422
2.364932,-0.022569,3.272777
2.367434,-0.004462,3.290883
2.369935,-0.005617,3.289728
2.372436,-0.002143,3.293203
2.374937,-0.015142,3.280203
2.377439,-0.000153,3.295193
2.379940,0.011416,3.306762
2.382441,0.001461,3.296806
2.384942,-0.037140,3.258206
2.387444,0.007938,3.303283
2.389945,0.047476,3.342822
2.392446,-0.003939,3.291406
2.394947,-0.011782,3.283564
2.397449,0.018056,3.313401
2.399950,-0.022394,3.272951
2.402451,0.006781,3.302127
2.404952,0.004543,3.299889
2.407454,-0.001831,3.293515
2.409955,0.005368,3.300713
2.412456,0.003484,3.298829
2.414957,0.015885,3.311230
2.417459,-0.028646,3.266699
2.419960,0.007914,3.303259
2.422461,-0.003681,3.291664
2.424962,0.002555,3.297901
2.427464,-0.016002,3.279344
2.429965,0.026066,3.321411
2.432466,0.016238,3.311584
2.434967,0.020344,3.315689
2.437469,-0.004908,3.290437
2.439970,0.000196,3.295541
2.442471,0.025093,3.320438
2.444972,-0.022470,3.272875
2.447474,-0.003303,3.292042
2.449975,0.007887,3.303232
2.452476,-0.017172,3.278174
2.454977,-0.002519,3.292827
2.457479,0.007529,3.302874
2.459980,-0.005760,3.289585
2.462481,0.002445,3.297790
2.464982,0.002120,3.297465
2.467484,0.014432,3.309777
2.469985,0.014088,3.309433
2.472486,-0.005914,3.289431
2.474987,-0.011664,3.283681
2.477489,0.008438,3.303784
2.479990,0.015214,3.310560
2.482491,-0.011218,3.284127
2.484992,0.021789,3.317135
2.487494,0.021583,3.316928
2.489995,-0.011673,3.283672
2.492496,-0.002379,3.292966
2.494997,0.009656,3.305001
2.497499,0.020928,3.316274
2.500000,0.006378,3.301723
